name,value,help
"ClickHouse_MetricsCollection_CustomMetricsSystemTable",1,"System table for metrics collection"
"ClickHouse_MetricsCollection_CustomMetricsSystemTable",1,"System table for metrics collection"
"ClickHouse_MetricsCollection_CustomMetricsSystemTable",1,"System table for metrics collection"
"ClickHouse_MetricsCollection_CustomMetricsSystemTable",1,"System table for metrics collection"
"ClickHouse_MetricsCollection_CustomMetricsSystemTable",1,"System table for metrics collection"
"ClickHouse_MetricsCollection_CustomMetricsSystemTable",1,"System table for metrics collection"
"ClickHouse_MetricsCollection_CustomMetricsSystemTable",1,"System table for metrics collection"
"ClickHouse_MetricsCollection_CustomMetricsSystemTable",1,"System table for metrics collection"
"ClickHouse_MetricsCollection_CustomMetricsSystemTable",1,"System table for metrics collection"
"ClickHouse_MetricsCollection_CustomMetricsSystemTable",1,"System table for metrics collection"
"ClickHouse_MetricsCollection_CustomMetricsSystemTable",1,"System table for metrics collection"
"ClickHouse_MetricsCollection_CustomMetricsSystemTable",1,"System table for metrics collection"
"ClickHouse_MetricsCollection_CustomMetricsSystemTable",1,"System table for metrics collection"
"ClickHouse_MetricsCollection_CustomMetricsSystemTable",1,"System table for metrics collection"
"ClickHouse_MetricsCollection_CustomMetricsSystemTable",1,"System table for metrics collection"
"ClickHouse_MetricsCollection_CustomMetricsSystemTable",1,"System table for metrics collection"
